Expected Return,Expected Volatility,Sharpe Ratio
-0.00039557802499705456,0.0017178200001727567,-0.2302790891695709
