sector,target_weight,num_holdings
Consumer,0.051917987275296576,237
Energy,0.09196587891132997,258
Financial,0.16621566077385086,257
Healthcare,0.16125944032254255,248
Industrial,0.2654461534733337,236
Technology,0.2631948792436463,264
