Strategy,Total Return,Volatility,Sharpe,Max Drawdown
Momentum (WF),-2.950032486836682,1.7084101567755083,-0.07636823435734849,-5.523542041417829
Mean Reversion (WF),-4.263710411358766,0.28146637657042745,-0.6699451903187298,-426371041.1358766
