Strategy,Total Return,Volatility,Sharpe,Max Drawdown
Momentum,2.6459186450262533,0.9939734040980207,0.03532274365777555,-1.5109227063760378
Mean Reversion,-8.437572214598644,0.31751468633865504,-0.3526195540736472,-843757221.4598644
