sector,portfolio_weight
Consumer,-0.0003787238111778287
Energy,-0.001974151312573914
Financial,-0.00035638873519888985
Healthcare,-0.0006313887405994078
Industrial,-0.00028479164447652033
Technology,0.0007447037078490734
